[{"model": "contenttypes.contenttype", "pk": 1, "fields": {"app_label": "admin", "model": "logentry"}}, {"model": "contenttypes.contenttype", "pk": 2, "fields": {"app_label": "auth", "model": "permission"}}, {"model": "contenttypes.contenttype", "pk": 3, "fields": {"app_label": "auth", "model": "group"}}, {"model": "contenttypes.contenttype", "pk": 4, "fields": {"app_label": "auth", "model": "user"}}, {"model": "contenttypes.contenttype", "pk": 5, "fields": {"app_label": "contenttypes", "model": "contenttype"}}, {"model": "contenttypes.contenttype", "pk": 6, "fields": {"app_label": "sessions", "model": "session"}}, {"model": "contenttypes.contenttype", "pk": 7, "fields": {"app_label": "flatpages", "model": "flatpage"}}, {"model": "contenttypes.contenttype", "pk": 8, "fields": {"app_label": "sites", "model": "site"}}, {"model": "contenttypes.contenttype", "pk": 9, "fields": {"app_label": "posts", "model": "group"}}, {"model": "contenttypes.contenttype", "pk": 10, "fields": {"app_label": "posts", "model": "post"}}, {"model": "contenttypes.contenttype", "pk": 11, "fields": {"app_label": "posts", "model": "follow"}}, {"model": "contenttypes.contenttype", "pk": 12, "fields": {"app_label": "posts", "model": "comment"}}, {"model": "contenttypes.contenttype", "pk": 13, "fields": {"app_label": "Users", "model": "userprofile"}}, {"model": "contenttypes.contenttype", "pk": 14, "fields": {"app_label": "thumbnail", "model": "kvstore"}}, {"model": "sessions.session", "pk": "0wx8tpla0lks45a2q18pl9aj6xfvx276", "fields": {"session_data": "OWFhMTFiY2VhNmQ3M2U3MTg5ZGRkY2E5MWNhMmExNTIyNjFmNzA0Zjp7Il9hdXRoX3VzZXJfaWQiOiIxIiwiX2F1dGhfdXNlcl9iYWNrZW5kIjoiZGphbmdvLmNvbnRyaWIuYXV0aC5iYWNrZW5kcy5Nb2RlbEJhY2tlbmQiLCJfYXV0aF91c2VyX2hhc2giOiI5ZTk2MWE1NGU1YjNhMDY4YTU2ODEzOWNiNWY0OTE3YWM1NTE3YzNmIn0=", "expire_date": "2021-10-08T17:24:56.872Z"}}, {"model": "sessions.session", "pk": "8rb34uxw7mgq3u2pfhvdt0oajbwpejic", "fields": {"session_data": "OWE1ZDcwODViZmY3Y2YwYTllZTNmNTFiZThlY2YzN2QzYWRkODA4NDp7Il9hdXRoX3VzZXJfaWQiOiIyIiwiX2F1dGhfdXNlcl9iYWNrZW5kIjoiZGphbmdvLmNvbnRyaWIuYXV0aC5iYWNrZW5kcy5Nb2RlbEJhY2tlbmQiLCJfYXV0aF91c2VyX2hhc2giOiIxY2RjYjM5ZDM5MGM1YzFlNjk1NDc5NDdhM2JiNDFlMjZjZDVlMzg0In0=", "expire_date": "2021-09-30T06:59:20.225Z"}}, {"model": "sessions.session", "pk": "gk2k5czhdo44d0i45fz8cw05y6vpoqtj", "fields": {"session_data": "YmFiNzk1YjQ1MTk5MmFhYjgwY2MwYzNmZjk5MWU3OGY1NDQ0YmVmODp7Il9hdXRoX3VzZXJfaWQiOiI1IiwiX2F1dGhfdXNlcl9iYWNrZW5kIjoiZGphbmdvLmNvbnRyaWIuYXV0aC5iYWNrZW5kcy5Nb2RlbEJhY2tlbmQiLCJfYXV0aF91c2VyX2hhc2giOiI0Y2JiM2E0ZDM5MjgzYzliMTUwMzhiOWYwYzE2MDA4NGQzZDY5ODQzIn0=", "expire_date": "2021-10-08T17:21:49.335Z"}}, {"model": "sessions.session", "pk": "iqc6zrw3qbocoy9r06r96mz3676jgwbh", "fields": {"session_data": "MTQzZWMzOTAyY2I5ZGI4YmE5ZWQ5OThkNDlhNGE2YTIzNzg3MWI4Njp7Il9hdXRoX3VzZXJfaWQiOiI0IiwiX2F1dGhfdXNlcl9iYWNrZW5kIjoiZGphbmdvLmNvbnRyaWIuYXV0aC5iYWNrZW5kcy5Nb2RlbEJhY2tlbmQiLCJfYXV0aF91c2VyX2hhc2giOiJhZTY3ZTY5NTRjMjk0ZjVkNmU3OThjODIxM2U1ZmI5ZWJjYWFlZDRiIn0=", "expire_date": "2021-10-02T03:41:34.862Z"}}, {"model": "sessions.session", "pk": "rbheqyxdz9qagjx8i3tbtrf4rhx6fpjm", "fields": {"session_data": "ZTFlYTRhNmI0Y2EzMmRkYjYwYzk2NmI4MTI1ODIyNDc3YWE3NjdmMDp7Il9hdXRoX3VzZXJfaWQiOiIxIiwiX2F1dGhfdXNlcl9iYWNrZW5kIjoiZGphbmdvLmNvbnRyaWIuYXV0aC5iYWNrZW5kcy5Nb2RlbEJhY2tlbmQiLCJfYXV0aF91c2VyX2hhc2giOiIyZGUxZWYwNjRkZTdmYmMzZTQ1MzMxYmJkOTA4ZTdkOWJmMTY5YWUwIn0=", "expire_date": "2021-10-22T02:06:50.334Z"}}, {"model": "sessions.session", "pk": "z05uchj7zw4dw9aek6rn7oyi6k5w74e1", "fields": {"session_data": "OWFhMTFiY2VhNmQ3M2U3MTg5ZGRkY2E5MWNhMmExNTIyNjFmNzA0Zjp7Il9hdXRoX3VzZXJfaWQiOiIxIiwiX2F1dGhfdXNlcl9iYWNrZW5kIjoiZGphbmdvLmNvbnRyaWIuYXV0aC5iYWNrZW5kcy5Nb2RlbEJhY2tlbmQiLCJfYXV0aF91c2VyX2hhc2giOiI5ZTk2MWE1NGU1YjNhMDY4YTU2ODEzOWNiNWY0OTE3YWM1NTE3YzNmIn0=", "expire_date": "2021-09-30T06:58:05.520Z"}}, {"model": "sites.site", "pk": 1, "fields": {"domain": "example.com", "name": "example.com"}}, {"model": "posts.group", "pk": 1, "fields": {"title": "\u041b\u0435\u0440\u0438\u043d\u0423\u0433\u043e\u043b\u043e\u043a", "slug": "69", "description": "\u041f\u043e\u0441\u0442\u044b \u0431\u043e\u043b\u044c\u043d\u043e\u0439 \u0448\u0438\u0437\u043e\u0444\u0440\u0435\u043d\u0438\u0435\u0439 \u0441 \u0431\u0440\u0435\u0434\u043e\u0432\u044b\u043c\u0438 \u0438\u0434\u044f\u043c\u0438 \u0432\u0435\u043b\u0438\u0447\u0438\u044f"}}, {"model": "thumbnail.kvstore", "pk": "sorl-thumbnail||image||112b19c98ee7daea78c16eb67204766b", "fields": {"value": "{\"name\": \"posts/oigHcyC7zqI.jpg\", \"storage\": \"django.core.files.storage.FileSystemStorage\", \"size\": [810, 1080]}"}}, {"model": "thumbnail.kvstore", "pk": "sorl-thumbnail||image||1b93e3b2b65074d7531193257f4603ea", "fields": {"value": "{\"name\": \"posts/1618499980_29-p-fon-van-pis-31.jpg\", \"storage\": \"django.core.files.storage.FileSystemStorage\", \"size\": [1920, 1080]}"}}, {"model": "thumbnail.kvstore", "pk": "sorl-thumbnail||image||2daceda93d2d86b0f7f3dff2bafb60e2", "fields": {"value": "{\"name\": \"posts/a8NTeG7oYrk.jpg\", \"storage\": \"django.core.files.storage.FileSystemStorage\", \"size\": [600, 600]}"}}, {"model": "thumbnail.kvstore", "pk": "sorl-thumbnail||image||34c809f47f825e8fea74d81c414446fb", "fields": {"value": "{\"name\": \"cache/1d/91/1d91ee9161f99ef1ed335b51d3b61254.jpg\", \"storage\": \"django.core.files.storage.FileSystemStorage\", \"size\": [254, 339]}"}}, {"model": "thumbnail.kvstore", "pk": "sorl-thumbnail||image||3cb12c780b499cd9b7f7180092a692cc", "fields": {"value": "{\"name\": \"cache/a0/78/a078bbefd2ce2faba6b953b16c826cfc.jpg\", \"storage\": \"django.core.files.storage.FileSystemStorage\", \"size\": [150, 200]}"}}, {"model": "thumbnail.kvstore", "pk": "sorl-thumbnail||image||3fa1d2693b2a7162af4713684f8eadb0", "fields": {"value": "{\"name\": \"cache/00/02/0002e56b2995052b0686a2bfa6e59bb7.jpg\", \"storage\": \"django.core.files.storage.FileSystemStorage\", \"size\": [960, 339]}"}}, {"model": "thumbnail.kvstore", "pk": "sorl-thumbnail||image||4eceb8463259b83636f9350c4193676b", "fields": {"value": "{\"name\": \"avatars/35048.gif\", \"storage\": \"django.core.files.storage.FileSystemStorage\", \"size\": [500, 250]}"}}, {"model": "thumbnail.kvstore", "pk": "sorl-thumbnail||image||4f7a3be70c79ee912bb5366b3bc0505b", "fields": {"value": "{\"name\": \"posts/burger.jpeg\", \"storage\": \"django.core.files.storage.FileSystemStorage\", \"size\": [1080, 1080]}"}}, {"model": "thumbnail.kvstore", "pk": "sorl-thumbnail||image||4fb07680df211418fa8b167be13b9f3c", "fields": {"value": "{\"name\": \"cache/0f/90/0f9061145dfad0d323da11fb8f3952be.jpg\", \"storage\": \"django.core.files.storage.FileSystemStorage\", \"size\": [508, 339]}"}}, {"model": "thumbnail.kvstore", "pk": "sorl-thumbnail||image||5398b554ee6a083890b225caf9193c38", "fields": {"value": "{\"name\": \"posts/1463500935_tumblr_mo8lnvHoMy1r5patso1_500.gif\", \"storage\": \"django.core.files.storage.FileSystemStorage\", \"size\": [500, 281]}"}}, {"model": "thumbnail.kvstore", "pk": "sorl-thumbnail||image||556231321602c03ce4f7e8422a6b11e8", "fields": {"value": "{\"name\": \"cache/c1/0b/c10b348518dc37e1d2eac46de2a4287a.jpg\", \"storage\": \"django.core.files.storage.FileSystemStorage\", \"size\": [960, 339]}"}}, {"model": "thumbnail.kvstore", "pk": "sorl-thumbnail||image||5619f440a0a80b978a66e39a5de8f2ae", "fields": {"value": "{\"name\": \"cache/19/d3/19d310747b556e2e33196c0e91d5b36a.jpg\", \"storage\": \"django.core.files.storage.FileSystemStorage\", \"size\": [960, 339]}"}}, {"model": "thumbnail.kvstore", "pk": "sorl-thumbnail||image||56372c4712bbfe44b1749f74dae10564", "fields": {"value": "{\"name\": \"posts/be5fe59e5df222f8c9ddd217b2fe973f.jpg\", \"storage\": \"django.core.files.storage.FileSystemStorage\", \"size\": [473, 479]}"}}, {"model": "thumbnail.kvstore", "pk": "sorl-thumbnail||image||620477b0f7482704ddae5fe45ff3e186", "fields": {"value": "{\"name\": \"cache/37/02/3702f702c8bf99043b7372fc62677de8.jpg\", \"storage\": \"django.core.files.storage.FileSystemStorage\", \"size\": [960, 339]}"}}, {"model": "thumbnail.kvstore", "pk": "sorl-thumbnail||image||62c82780278469d949266b3b12967a7e", "fields": {"value": "{\"name\": \"cache/0e/b8/0eb8835a0977c521a555544c4daabfc4.jpg\", \"storage\": \"django.core.files.storage.FileSystemStorage\", \"size\": [335, 339]}"}}, {"model": "thumbnail.kvstore", "pk": "sorl-thumbnail||image||64764db76b71a45ce681f58fa55147bb", "fields": {"value": "{\"name\": \"cache/54/fd/54fd027d8144143ff80045b45d249e55.jpg\", \"storage\": \"django.core.files.storage.FileSystemStorage\", \"size\": [603, 339]}"}}, {"model": "thumbnail.kvstore", "pk": "sorl-thumbnail||image||7c4ab98013bee8657493decd9e2cb439", "fields": {"value": "{\"name\": \"cache/2e/cc/2ecc8b1a952586768981864a83e07517.jpg\", \"storage\": \"django.core.files.storage.FileSystemStorage\", \"size\": [508, 339]}"}}, {"model": "thumbnail.kvstore", "pk": "sorl-thumbnail||image||8464850bc517fd5727b96a8f495c3bd0", "fields": {"value": "{\"name\": \"posts/J8Uje9YFP1s.jpg\", \"storage\": \"django.core.files.storage.FileSystemStorage\", \"size\": [1280, 854]}"}}, {"model": "thumbnail.kvstore", "pk": "sorl-thumbnail||image||9b5f5e4393d47fdfd5f05ed1517680ce", "fields": {"value": "{\"name\": \"cache/be/0e/be0e2528f75685b365f496a4e4a8f0c7.jpg\", \"storage\": \"django.core.files.storage.FileSystemStorage\", \"size\": [335, 339]}"}}, {"model": "thumbnail.kvstore", "pk": "sorl-thumbnail||image||9fb8d65fe165a972fb87fb70e5f1ecb7", "fields": {"value": "{\"name\": \"posts/1a7bb0a75cc9034d6d3a947bdfe483e1.jpg\", \"storage\": \"django.core.files.storage.FileSystemStorage\", \"size\": [564, 376]}"}}, {"model": "thumbnail.kvstore", "pk": "sorl-thumbnail||image||a2e8cf8e898a6a31b70ee9e758f101de", "fields": {"value": "{\"name\": \"cache/14/62/1462365904de019a501c19d942be7db6.jpg\", \"storage\": \"django.core.files.storage.FileSystemStorage\", \"size\": [960, 339]}"}}, {"model": "thumbnail.kvstore", "pk": "sorl-thumbnail||image||a7c2c6bfca183189630fb9b75d4b7720", "fields": {"value": "{\"name\": \"cache/ae/d2/aed219fc1a59041f175e84ee55cbc11a.jpg\", \"storage\": \"django.core.files.storage.FileSystemStorage\", \"size\": [960, 339]}"}}, {"model": "thumbnail.kvstore", "pk": "sorl-thumbnail||image||af9fa1555ca91ee887413bb1c6dcf87f", "fields": {"value": "{\"name\": \"cache/53/13/5313017382f0acad1f170a5356433952.jpg\", \"storage\": \"django.core.files.storage.FileSystemStorage\", \"size\": [960, 339]}"}}, {"model": "thumbnail.kvstore", "pk": "sorl-thumbnail||image||b32c8b4239d47dcc4e13d3c7081c2a7a", "fields": {"value": "{\"name\": \"posts/WY1kg_0Mh7k.jpg\", \"storage\": \"django.core.files.storage.FileSystemStorage\", \"size\": [1280, 856]}"}}, {"model": "thumbnail.kvstore", "pk": "sorl-thumbnail||image||b61a66c1e87a6f8860fa5a7e3af0279a", "fields": {"value": "{\"name\": \"cache/fd/85/fd85fd64887af84b24585fca6aaf593c.jpg\", \"storage\": \"django.core.files.storage.FileSystemStorage\", \"size\": [960, 339]}"}}, {"model": "thumbnail.kvstore", "pk": "sorl-thumbnail||image||baedfb6b22bdab5c605533d04f921991", "fields": {"value": "{\"name\": \"posts/ozero-gory-les-zakat-derevya.jpg\", \"storage\": \"django.core.files.storage.FileSystemStorage\", \"size\": [1920, 1268]}"}}, {"model": "thumbnail.kvstore", "pk": "sorl-thumbnail||image||c2542459a5a1a67d37cc2ed954278ab9", "fields": {"value": "{\"name\": \"cache/7a/74/7a740d91dd31249a01c11720a8bb9b9d.jpg\", \"storage\": \"django.core.files.storage.FileSystemStorage\", \"size\": [960, 339]}"}}, {"model": "thumbnail.kvstore", "pk": "sorl-thumbnail||image||c6970b3443b0f6cafb3581a1462a5ff6", "fields": {"value": "{\"name\": \"cache/0e/f8/0ef842129bcd0988190d53084a482e03.jpg\", \"storage\": \"django.core.files.storage.FileSystemStorage\", \"size\": [960, 339]}"}}, {"model": "thumbnail.kvstore", "pk": "sorl-thumbnail||image||caf4dbe1b19928ea1cd8fcf4707410d8", "fields": {"value": "{\"name\": \"cache/89/6f/896fb4ce5ec62a4170b5123b723a5f6e.jpg\", \"storage\": \"django.core.files.storage.FileSystemStorage\", \"size\": [960, 200]}"}}, {"model": "thumbnail.kvstore", "pk": "sorl-thumbnail||image||cd43e814eb69842968fece035d3c3247", "fields": {"value": "{\"name\": \"cache/a7/e5/a7e599cd9afadcdc30de439bfb4753ce.jpg\", \"storage\": \"django.core.files.storage.FileSystemStorage\", \"size\": [960, 339]}"}}, {"model": "thumbnail.kvstore", "pk": "sorl-thumbnail||image||dedaf19a7372c515d527cddea6aad5a7", "fields": {"value": "{\"name\": \"posts/123.png\", \"storage\": \"django.core.files.storage.FileSystemStorage\", \"size\": [1050, 219]}"}}, {"model": "thumbnail.kvstore", "pk": "sorl-thumbnail||image||e1caac22b58a5f76a57497efd2b9dc39", "fields": {"value": "{\"name\": \"cache/9a/8a/9a8a957715c415fa3fbe5a62814e43f9.jpg\", \"storage\": \"django.core.files.storage.FileSystemStorage\", \"size\": [513, 339]}"}}, {"model": "thumbnail.kvstore", "pk": "sorl-thumbnail||image||e7ca76db3578a9030bb2bb84b1094d3a", "fields": {"value": "{\"name\": \"cache/d4/f8/d4f82bbdf851602cc8610022e3a43968.jpg\", \"storage\": \"django.core.files.storage.FileSystemStorage\", \"size\": [960, 339]}"}}, {"model": "thumbnail.kvstore", "pk": "sorl-thumbnail||image||f93ae308b16c3d3f22bd4783ff8c4aa8", "fields": {"value": "{\"name\": \"posts/be5fe59e5df222f8c9ddd217b2fe973f_UyISXKQ.jpg\", \"storage\": \"django.core.files.storage.FileSystemStorage\", \"size\": [473, 479]}"}}, {"model": "thumbnail.kvstore", "pk": "sorl-thumbnail||image||fea2e975343d523ea09cca6e0800658f", "fields": {"value": "{\"name\": \"cache/ba/f0/baf048fd3dac899e1456148d133b3cbe.jpg\", \"storage\": \"django.core.files.storage.FileSystemStorage\", \"size\": [507, 339]}"}}, {"model": "thumbnail.kvstore", "pk": "sorl-thumbnail||thumbnails||112b19c98ee7daea78c16eb67204766b", "fields": {"value": "[\"34c809f47f825e8fea74d81c414446fb\", \"b61a66c1e87a6f8860fa5a7e3af0279a\"]"}}, {"model": "thumbnail.kvstore", "pk": "sorl-thumbnail||thumbnails||1b93e3b2b65074d7531193257f4603ea", "fields": {"value": "[\"5619f440a0a80b978a66e39a5de8f2ae\"]"}}, {"model": "thumbnail.kvstore", "pk": "sorl-thumbnail||thumbnails||2daceda93d2d86b0f7f3dff2bafb60e2", "fields": {"value": "[\"c6970b3443b0f6cafb3581a1462a5ff6\"]"}}, {"model": "thumbnail.kvstore", "pk": "sorl-thumbnail||thumbnails||4eceb8463259b83636f9350c4193676b", "fields": {"value": "[\"3cb12c780b499cd9b7f7180092a692cc\"]"}}, {"model": "thumbnail.kvstore", "pk": "sorl-thumbnail||thumbnails||4f7a3be70c79ee912bb5366b3bc0505b", "fields": {"value": "[\"556231321602c03ce4f7e8422a6b11e8\"]"}}, {"model": "thumbnail.kvstore", "pk": "sorl-thumbnail||thumbnails||5398b554ee6a083890b225caf9193c38", "fields": {"value": "[\"3fa1d2693b2a7162af4713684f8eadb0\", \"64764db76b71a45ce681f58fa55147bb\"]"}}, {"model": "thumbnail.kvstore", "pk": "sorl-thumbnail||thumbnails||56372c4712bbfe44b1749f74dae10564", "fields": {"value": "[\"e7ca76db3578a9030bb2bb84b1094d3a\", \"9b5f5e4393d47fdfd5f05ed1517680ce\"]"}}, {"model": "thumbnail.kvstore", "pk": "sorl-thumbnail||thumbnails||8464850bc517fd5727b96a8f495c3bd0", "fields": {"value": "[\"a2e8cf8e898a6a31b70ee9e758f101de\", \"7c4ab98013bee8657493decd9e2cb439\"]"}}, {"model": "thumbnail.kvstore", "pk": "sorl-thumbnail||thumbnails||9fb8d65fe165a972fb87fb70e5f1ecb7", "fields": {"value": "[\"af9fa1555ca91ee887413bb1c6dcf87f\", \"4fb07680df211418fa8b167be13b9f3c\"]"}}, {"model": "thumbnail.kvstore", "pk": "sorl-thumbnail||thumbnails||b32c8b4239d47dcc4e13d3c7081c2a7a", "fields": {"value": "[\"620477b0f7482704ddae5fe45ff3e186\", \"fea2e975343d523ea09cca6e0800658f\"]"}}, {"model": "thumbnail.kvstore", "pk": "sorl-thumbnail||thumbnails||baedfb6b22bdab5c605533d04f921991", "fields": {"value": "[\"c2542459a5a1a67d37cc2ed954278ab9\", \"e1caac22b58a5f76a57497efd2b9dc39\"]"}}, {"model": "thumbnail.kvstore", "pk": "sorl-thumbnail||thumbnails||dedaf19a7372c515d527cddea6aad5a7", "fields": {"value": "[\"a7c2c6bfca183189630fb9b75d4b7720\", \"caf4dbe1b19928ea1cd8fcf4707410d8\"]"}}, {"model": "thumbnail.kvstore", "pk": "sorl-thumbnail||thumbnails||f93ae308b16c3d3f22bd4783ff8c4aa8", "fields": {"value": "[\"62c82780278469d949266b3b12967a7e\", \"cd43e814eb69842968fece035d3c3247\"]"}}, {"model": "flatpages.flatpage", "pk": 1, "fields": {"url": "/about-author/", "title": "\u041e\u0431 \u0430\u0432\u0442\u043e\u0440\u0435", "content": "<p class=\"lead\">\u0418\u0432\u0430\u043d, S10dev <br> <a href=\"https://github.com/S10dev\" target=\"_blank\">https://github.com/S10dev</a></p>", "enable_comments": false, "template_name": "", "registration_required": false, "sites": [1]}}, {"model": "flatpages.flatpage", "pk": 2, "fields": {"url": "/about-spec/", "title": "\u0422\u0435\u0445\u043d\u043e\u043b\u043e\u0433\u0438\u0438", "content": "<p class=\"lead\">\u0414\u043b\u044f \u0441\u043e\u0437\u0434\u0430\u043d\u0438\u044f \u044d\u0442\u043e\u0433\u043e \u0432\u0435\u0431-\u0440\u0435\u0441\u0443\u0440\u0441\u0430 \u043c\u043d\u043e\u044e \u0431\u044b\u043b\u0438 \u0438\u0441\u043f\u043e\u043b\u044c\u0437\u043e\u0432\u0430\u043d\u044b \u0441\u043b\u0435\u0434\u0443\u044e\u0449\u0438\u0435 \u0442\u0435\u0445\u043d\u043e\u043b\u043e\u0433\u0438\u0438:<br>Python ver. 3.9.0<br>Django ver. 2.2.9<br>Bootstrap<br>Nginx+Gunicorn</p>", "enable_comments": false, "template_name": "", "registration_required": false, "sites": [1]}}, {"model": "flatpages.flatpage", "pk": 3, "fields": {"url": "/contacts/", "title": "\u041a\u043e\u043d\u0442\u0430\u043a\u0442\u043d\u0430\u044f \u0438\u043d\u0444\u043e\u0440\u043c\u0430\u0446\u0438\u044f", "content": "<p class=\"lead\">Email: <a href=\"mailto:s10.dev@yandex.com\">s10.dev@yandex.com</a><br>tg: <a href=\"https://telegram.me/respektvan\">@respektvan</a></p>", "enable_comments": false, "template_name": "", "registration_required": false, "sites": [1]}}, {"model": "auth.permission", "pk": 1, "fields": {"name": "Can add log entry", "content_type": 1, "codename": "add_logentry"}}, {"model": "auth.permission", "pk": 2, "fields": {"name": "Can change log entry", "content_type": 1, "codename": "change_logentry"}}, {"model": "auth.permission", "pk": 3, "fields": {"name": "Can delete log entry", "content_type": 1, "codename": "delete_logentry"}}, {"model": "auth.permission", "pk": 4, "fields": {"name": "Can view log entry", "content_type": 1, "codename": "view_logentry"}}, {"model": "auth.permission", "pk": 5, "fields": {"name": "Can add permission", "content_type": 2, "codename": "add_permission"}}, {"model": "auth.permission", "pk": 6, "fields": {"name": "Can change permission", "content_type": 2, "codename": "change_permission"}}, {"model": "auth.permission", "pk": 7, "fields": {"name": "Can delete permission", "content_type": 2, "codename": "delete_permission"}}, {"model": "auth.permission", "pk": 8, "fields": {"name": "Can view permission", "content_type": 2, "codename": "view_permission"}}, {"model": "auth.permission", "pk": 9, "fields": {"name": "Can add group", "content_type": 3, "codename": "add_group"}}, {"model": "auth.permission", "pk": 10, "fields": {"name": "Can change group", "content_type": 3, "codename": "change_group"}}, {"model": "auth.permission", "pk": 11, "fields": {"name": "Can delete group", "content_type": 3, "codename": "delete_group"}}, {"model": "auth.permission", "pk": 12, "fields": {"name": "Can view group", "content_type": 3, "codename": "view_group"}}, {"model": "auth.permission", "pk": 13, "fields": {"name": "Can add user", "content_type": 4, "codename": "add_user"}}, {"model": "auth.permission", "pk": 14, "fields": {"name": "Can change user", "content_type": 4, "codename": "change_user"}}, {"model": "auth.permission", "pk": 15, "fields": {"name": "Can delete user", "content_type": 4, "codename": "delete_user"}}, {"model": "auth.permission", "pk": 16, "fields": {"name": "Can view user", "content_type": 4, "codename": "view_user"}}, {"model": "auth.permission", "pk": 17, "fields": {"name": "Can add content type", "content_type": 5, "codename": "add_contenttype"}}, {"model": "auth.permission", "pk": 18, "fields": {"name": "Can change content type", "content_type": 5, "codename": "change_contenttype"}}, {"model": "auth.permission", "pk": 19, "fields": {"name": "Can delete content type", "content_type": 5, "codename": "delete_contenttype"}}, {"model": "auth.permission", "pk": 20, "fields": {"name": "Can view content type", "content_type": 5, "codename": "view_contenttype"}}, {"model": "auth.permission", "pk": 21, "fields": {"name": "Can add session", "content_type": 6, "codename": "add_session"}}, {"model": "auth.permission", "pk": 22, "fields": {"name": "Can change session", "content_type": 6, "codename": "change_session"}}, {"model": "auth.permission", "pk": 23, "fields": {"name": "Can delete session", "content_type": 6, "codename": "delete_session"}}, {"model": "auth.permission", "pk": 24, "fields": {"name": "Can view session", "content_type": 6, "codename": "view_session"}}, {"model": "auth.permission", "pk": 25, "fields": {"name": "Can add flat page", "content_type": 7, "codename": "add_flatpage"}}, {"model": "auth.permission", "pk": 26, "fields": {"name": "Can change flat page", "content_type": 7, "codename": "change_flatpage"}}, {"model": "auth.permission", "pk": 27, "fields": {"name": "Can delete flat page", "content_type": 7, "codename": "delete_flatpage"}}, {"model": "auth.permission", "pk": 28, "fields": {"name": "Can view flat page", "content_type": 7, "codename": "view_flatpage"}}, {"model": "auth.permission", "pk": 29, "fields": {"name": "Can add site", "content_type": 8, "codename": "add_site"}}, {"model": "auth.permission", "pk": 30, "fields": {"name": "Can change site", "content_type": 8, "codename": "change_site"}}, {"model": "auth.permission", "pk": 31, "fields": {"name": "Can delete site", "content_type": 8, "codename": "delete_site"}}, {"model": "auth.permission", "pk": 32, "fields": {"name": "Can view site", "content_type": 8, "codename": "view_site"}}, {"model": "auth.permission", "pk": 33, "fields": {"name": "Can add group", "content_type": 9, "codename": "add_group"}}, {"model": "auth.permission", "pk": 34, "fields": {"name": "Can change group", "content_type": 9, "codename": "change_group"}}, {"model": "auth.permission", "pk": 35, "fields": {"name": "Can delete group", "content_type": 9, "codename": "delete_group"}}, {"model": "auth.permission", "pk": 36, "fields": {"name": "Can view group", "content_type": 9, "codename": "view_group"}}, {"model": "auth.permission", "pk": 37, "fields": {"name": "Can add post", "content_type": 10, "codename": "add_post"}}, {"model": "auth.permission", "pk": 38, "fields": {"name": "Can change post", "content_type": 10, "codename": "change_post"}}, {"model": "auth.permission", "pk": 39, "fields": {"name": "Can delete post", "content_type": 10, "codename": "delete_post"}}, {"model": "auth.permission", "pk": 40, "fields": {"name": "Can view post", "content_type": 10, "codename": "view_post"}}, {"model": "auth.permission", "pk": 41, "fields": {"name": "Can add follow", "content_type": 11, "codename": "add_follow"}}, {"model": "auth.permission", "pk": 42, "fields": {"name": "Can change follow", "content_type": 11, "codename": "change_follow"}}, {"model": "auth.permission", "pk": 43, "fields": {"name": "Can delete follow", "content_type": 11, "codename": "delete_follow"}}, {"model": "auth.permission", "pk": 44, "fields": {"name": "Can view follow", "content_type": 11, "codename": "view_follow"}}, {"model": "auth.permission", "pk": 45, "fields": {"name": "Can add comment", "content_type": 12, "codename": "add_comment"}}, {"model": "auth.permission", "pk": 46, "fields": {"name": "Can change comment", "content_type": 12, "codename": "change_comment"}}, {"model": "auth.permission", "pk": 47, "fields": {"name": "Can delete comment", "content_type": 12, "codename": "delete_comment"}}, {"model": "auth.permission", "pk": 48, "fields": {"name": "Can view comment", "content_type": 12, "codename": "view_comment"}}, {"model": "auth.permission", "pk": 49, "fields": {"name": "Can add user profile", "content_type": 13, "codename": "add_userprofile"}}, {"model": "auth.permission", "pk": 50, "fields": {"name": "Can change user profile", "content_type": 13, "codename": "change_userprofile"}}, {"model": "auth.permission", "pk": 51, "fields": {"name": "Can delete user profile", "content_type": 13, "codename": "delete_userprofile"}}, {"model": "auth.permission", "pk": 52, "fields": {"name": "Can view user profile", "content_type": 13, "codename": "view_userprofile"}}, {"model": "auth.permission", "pk": 53, "fields": {"name": "Can add kv store", "content_type": 14, "codename": "add_kvstore"}}, {"model": "auth.permission", "pk": 54, "fields": {"name": "Can change kv store", "content_type": 14, "codename": "change_kvstore"}}, {"model": "auth.permission", "pk": 55, "fields": {"name": "Can delete kv store", "content_type": 14, "codename": "delete_kvstore"}}, {"model": "auth.permission", "pk": 56, "fields": {"name": "Can view kv store", "content_type": 14, "codename": "view_kvstore"}}, {"model": "auth.user", "pk": 1, "fields": {"password": "pbkdf2_sha256$180000$ffzSSWFVjLIe$8C7sBJcCX98QUrmgMYkCjzTQrFzmuGf79bcHkCunvts=", "last_login": "2021-10-08T02:06:50.332Z", "is_superuser": true, "username": "s10", "first_name": "", "last_name": "", "email": "s10.dev@yandex.ru", "is_staff": true, "is_active": true, "date_joined": "2021-09-16T01:35:46Z", "groups": [], "user_permissions": []}}, {"model": "auth.user", "pk": 2, "fields": {"password": "pbkdf2_sha256$180000$Odghefve0Z4G$PUV5qDoFcGJ25adC19Vakqn7loGShiOdVcnNIe615Iw=", "last_login": "2021-09-16T06:59:20Z", "is_superuser": false, "username": "Valeriya", "first_name": "\u041b\u0435\u0440\u0430", "last_name": "\u041b\u0443\u043d\u0451\u0432\u0430", "email": "Lera_null@mail.ru", "is_staff": false, "is_active": true, "date_joined": "2021-09-16T06:50:49Z", "groups": [], "user_permissions": []}}, {"model": "auth.user", "pk": 3, "fields": {"password": "pbkdf2_sha256$180000$Y6090QEDDDgi$cfcV+3F2wCg/048cxt611jqHfMnfByHB5JOypdigeJQ=", "last_login": "2021-09-16T06:58:00.527Z", "is_superuser": false, "username": "John_Snow", "first_name": "\u0414\u0436\u043e\u043d", "last_name": "\u0421\u043d\u043e\u0443", "email": "John_Snow@got.com", "is_staff": false, "is_active": true, "date_joined": "2021-09-16T06:56:50.507Z", "groups": [], "user_permissions": []}}, {"model": "auth.user", "pk": 4, "fields": {"password": "pbkdf2_sha256$180000$tOhH1F7jtaI9$7tUBrjqZZTh2PA33YWQsoeKxx4TChshLCq9posiO0Es=", "last_login": "2021-09-18T03:41:34.860Z", "is_superuser": false, "username": "DennisRum", "first_name": "DennisRumCY", "last_name": "DennisRumCY", "email": "vnxumv@saldov.club", "is_staff": false, "is_active": true, "date_joined": "2021-09-18T03:41:34.488Z", "groups": [], "user_permissions": []}}, {"model": "auth.user", "pk": 5, "fields": {"password": "pbkdf2_sha256$180000$fSw3f8OLuHGN$H1YVMX3lWI/lfDeueT/9VRcaG6L3oQgqdRmEgwM7VPo=", "last_login": "2021-09-24T17:21:49Z", "is_superuser": false, "username": "HappyKek", "first_name": "\u0421\u0435\u0440\u043eja", "last_name": "Veselovski", "email": "7heaven2016@gmail.com", "is_staff": false, "is_active": true, "date_joined": "2021-09-24T17:21:45Z", "groups": [], "user_permissions": []}}, {"model": "auth.user", "pk": 6, "fields": {"password": "pbkdf2_sha256$180000$zq4k7bwWwWR1$sn4sVfj2K4jEF57PMEN3H4sFI6A5wWft13+t9xGGups=", "last_login": null, "is_superuser": false, "username": "Res", "first_name": "\u0412\u0430\u043d\u044f", "last_name": "\u041f\u0435\u0442\u0440\u043e\u0432", "email": "Res@mail.ru", "is_staff": false, "is_active": true, "date_joined": "2021-10-01T02:01:08.269Z", "groups": [], "user_permissions": []}}, {"model": "posts.post", "pk": 1, "fields": {"text": "\u0441\u0435\u0433\u043e\u0434\u043d\u044f \u041c\u041e\u0420\u0415", "pub_date": "2021-09-16T07:00:19.067Z", "author": 2, "group": 1, "image": "posts/oigHcyC7zqI.jpg"}}, {"model": "posts.post", "pk": 3, "fields": {"text": "backend", "pub_date": "2021-09-16T07:02:52.282Z", "author": 1, "group": null, "image": "posts/123.png"}}, {"model": "posts.post", "pk": 4, "fields": {"text": ".", "pub_date": "2021-09-16T07:02:56.197Z", "author": 2, "group": 1, "image": "posts/WY1kg_0Mh7k.jpg"}}, {"model": "posts.post", "pk": 5, "fields": {"text": ".", "pub_date": "2021-09-16T07:03:34.041Z", "author": 2, "group": 1, "image": "posts/J8Uje9YFP1s.jpg"}}, {"model": "posts.post", "pk": 6, "fields": {"text": "!!", "pub_date": "2021-09-16T07:07:09.011Z", "author": 2, "group": 1, "image": "posts/1a7bb0a75cc9034d6d3a947bdfe483e1.jpg"}}, {"model": "posts.post", "pk": 8, "fields": {"text": "Eda", "pub_date": "2021-10-08T02:11:01.252Z", "author": 1, "group": null, "image": "posts/burger.jpeg"}}, {"model": "posts.post", "pk": 9, "fields": {"text": "Test1", "pub_date": "2021-10-08T02:11:10.848Z", "author": 1, "group": null, "image": "posts/ozero-gory-les-zakat-derevya.jpg"}}, {"model": "posts.post", "pk": 10, "fields": {"text": "luffy", "pub_date": "2021-10-08T02:14:23.438Z", "author": 1, "group": null, "image": "posts/1618499980_29-p-fon-van-pis-31.jpg"}}, {"model": "posts.comment", "pk": 1, "fields": {"post": 1, "img": "", "author": 1, "text": "Nice", "created": "2021-09-16T07:01:09.204Z"}}, {"model": "posts.comment", "pk": 2, "fields": {"post": 3, "img": "", "author": 2, "text": "Aoaoa", "created": "2021-09-16T07:04:09.188Z"}}, {"model": "posts.follow", "pk": 1, "fields": {"user": 1, "author": 2}}, {"model": "posts.follow", "pk": 2, "fields": {"user": 5, "author": 2}}, {"model": "Users.userprofile", "pk": 1, "fields": {"user": 1, "avatar": "avatars/35048.gif"}}, {"model": "admin.logentry", "pk": 1, "fields": {"action_time": "2021-09-16T01:43:46.097Z", "user": 1, "content_type": 7, "object_id": "1", "object_repr": "/about/about-author/ -- \u041e\u0431 \u0430\u0432\u0442\u043e\u0440\u0435", "action_flag": 1, "change_message": "[{\"added\": {}}]"}}, {"model": "admin.logentry", "pk": 2, "fields": {"action_time": "2021-09-16T01:45:05.699Z", "user": 1, "content_type": 7, "object_id": "1", "object_repr": "/about-author/ -- \u041e\u0431 \u0430\u0432\u0442\u043e\u0440\u0435", "action_flag": 2, "change_message": "[{\"changed\": {\"fields\": [\"URL\"]}}]"}}, {"model": "admin.logentry", "pk": 3, "fields": {"action_time": "2021-09-16T01:46:15.119Z", "user": 1, "content_type": 7, "object_id": "1", "object_repr": "/about-author/ -- \u041e\u0431 \u0430\u0432\u0442\u043e\u0440\u0435", "action_flag": 2, "change_message": "[{\"changed\": {\"fields\": [\"Content\"]}}]"}}, {"model": "admin.logentry", "pk": 4, "fields": {"action_time": "2021-09-16T01:46:32.707Z", "user": 1, "content_type": 7, "object_id": "1", "object_repr": "/about-author/ -- \u041e\u0431 \u0430\u0432\u0442\u043e\u0440\u0435", "action_flag": 2, "change_message": "[{\"changed\": {\"fields\": [\"Content\"]}}]"}}, {"model": "admin.logentry", "pk": 5, "fields": {"action_time": "2021-09-16T01:46:58.284Z", "user": 1, "content_type": 7, "object_id": "1", "object_repr": "/about-author/ -- \u041e\u0431 \u0430\u0432\u0442\u043e\u0440\u0435", "action_flag": 2, "change_message": "[{\"changed\": {\"fields\": [\"Content\"]}}]"}}, {"model": "admin.logentry", "pk": 6, "fields": {"action_time": "2021-09-16T01:47:09.975Z", "user": 1, "content_type": 7, "object_id": "1", "object_repr": "/about-author/ -- \u041e\u0431 \u0430\u0432\u0442\u043e\u0440\u0435", "action_flag": 2, "change_message": "[{\"changed\": {\"fields\": [\"Content\"]}}]"}}, {"model": "admin.logentry", "pk": 7, "fields": {"action_time": "2021-09-16T01:48:30.334Z", "user": 1, "content_type": 7, "object_id": "1", "object_repr": "/about-author/ -- \u041e\u0431 \u0430\u0432\u0442\u043e\u0440\u0435", "action_flag": 2, "change_message": "[]"}}, {"model": "admin.logentry", "pk": 8, "fields": {"action_time": "2021-09-16T01:49:49.636Z", "user": 1, "content_type": 7, "object_id": "2", "object_repr": "/about-spec/ -- \u0422\u0435\u0445\u043d\u043e\u043b\u043e\u0433\u0438\u0438", "action_flag": 1, "change_message": "[{\"added\": {}}]"}}, {"model": "admin.logentry", "pk": 9, "fields": {"action_time": "2021-09-16T01:53:13.054Z", "user": 1, "content_type": 7, "object_id": "3", "object_repr": "/contacts/ -- \u041a\u043e\u043d\u0442\u0430\u043a\u0442\u043d\u0430\u044f \u0438\u043d\u0444\u043e\u0440\u043c\u0430\u0446\u0438\u044f", "action_flag": 1, "change_message": "[{\"added\": {}}]"}}, {"model": "admin.logentry", "pk": 10, "fields": {"action_time": "2021-09-16T01:53:57.050Z", "user": 1, "content_type": 7, "object_id": "3", "object_repr": "/contacts/ -- \u041a\u043e\u043d\u0442\u0430\u043a\u0442\u043d\u0430\u044f \u0438\u043d\u0444\u043e\u0440\u043c\u0430\u0446\u0438\u044f", "action_flag": 2, "change_message": "[{\"changed\": {\"fields\": [\"Content\"]}}]"}}, {"model": "admin.logentry", "pk": 11, "fields": {"action_time": "2021-09-16T01:55:55.112Z", "user": 1, "content_type": 7, "object_id": "3", "object_repr": "/contacts/ -- \u041a\u043e\u043d\u0442\u0430\u043a\u0442\u043d\u0430\u044f \u0438\u043d\u0444\u043e\u0440\u043c\u0430\u0446\u0438\u044f", "action_flag": 2, "change_message": "[{\"changed\": {\"fields\": [\"Content\"]}}]"}}, {"model": "admin.logentry", "pk": 12, "fields": {"action_time": "2021-09-16T01:56:38.345Z", "user": 1, "content_type": 7, "object_id": "3", "object_repr": "/contacts/ -- \u041a\u043e\u043d\u0442\u0430\u043a\u0442\u043d\u0430\u044f \u0438\u043d\u0444\u043e\u0440\u043c\u0430\u0446\u0438\u044f", "action_flag": 2, "change_message": "[{\"changed\": {\"fields\": [\"Content\"]}}]"}}, {"model": "admin.logentry", "pk": 13, "fields": {"action_time": "2021-09-16T01:58:05.202Z", "user": 1, "content_type": 7, "object_id": "3", "object_repr": "/contacts/ -- \u041a\u043e\u043d\u0442\u0430\u043a\u0442\u043d\u0430\u044f \u0438\u043d\u0444\u043e\u0440\u043c\u0430\u0446\u0438\u044f", "action_flag": 2, "change_message": "[{\"changed\": {\"fields\": [\"Content\"]}}]"}}, {"model": "admin.logentry", "pk": 14, "fields": {"action_time": "2021-09-16T01:58:17.716Z", "user": 1, "content_type": 7, "object_id": "3", "object_repr": "/contacts/ -- \u041a\u043e\u043d\u0442\u0430\u043a\u0442\u043d\u0430\u044f \u0438\u043d\u0444\u043e\u0440\u043c\u0430\u0446\u0438\u044f", "action_flag": 2, "change_message": "[{\"changed\": {\"fields\": [\"Content\"]}}]"}}, {"model": "admin.logentry", "pk": 15, "fields": {"action_time": "2021-09-16T02:38:43.710Z", "user": 1, "content_type": 7, "object_id": "3", "object_repr": "/contacts/ -- \u041a\u043e\u043d\u0442\u0430\u043a\u0442\u043d\u0430\u044f \u0438\u043d\u0444\u043e\u0440\u043c\u0430\u0446\u0438\u044f", "action_flag": 2, "change_message": "[{\"changed\": {\"fields\": [\"Content\"]}}]"}}, {"model": "admin.logentry", "pk": 16, "fields": {"action_time": "2021-09-16T06:55:42.483Z", "user": 1, "content_type": 4, "object_id": "2", "object_repr": "EBASHU_V_DOTE", "action_flag": 2, "change_message": "[{\"changed\": {\"fields\": [\"password\"]}}]"}}, {"model": "admin.logentry", "pk": 17, "fields": {"action_time": "2021-09-16T07:04:25.144Z", "user": 1, "content_type": 9, "object_id": "1", "object_repr": "#\u041b\u0435\u0440\u0438\u043d\u0430\u0428\u0438\u0437\u0430", "action_flag": 1, "change_message": "[{\"added\": {}}]"}}, {"model": "admin.logentry", "pk": 18, "fields": {"action_time": "2021-09-16T07:04:42.656Z", "user": 1, "content_type": 10, "object_id": "2", "object_repr": "\u044f \u0433\u0443\u043b\u044c", "action_flag": 2, "change_message": "[{\"changed\": {\"fields\": [\"\\u0413\\u0440\\u0443\\u043f\\u043f\\u0430\"]}}]"}}, {"model": "admin.logentry", "pk": 19, "fields": {"action_time": "2021-09-16T07:05:19.100Z", "user": 1, "content_type": 9, "object_id": "1", "object_repr": "\u041b\u0435\u0440\u0438\u043d\u0430\u0428\u0438\u0437\u0430", "action_flag": 2, "change_message": "[{\"changed\": {\"fields\": [\"Title\"]}}]"}}, {"model": "admin.logentry", "pk": 20, "fields": {"action_time": "2021-09-16T07:08:11.191Z", "user": 1, "content_type": 10, "object_id": "2", "object_repr": "\u044f \u0433\u0443\u043b\u044c", "action_flag": 3, "change_message": ""}}, {"model": "admin.logentry", "pk": 21, "fields": {"action_time": "2021-09-16T07:08:43.321Z", "user": 1, "content_type": 10, "object_id": "7", "object_repr": "\u041b\u044e\u0431\u043b\u044e \u0434\u0435\u0432\u043e\u0447\u0435\u043a \u043c\u0443\u0440\r\nPS \u041b\u044d\u0440\u0430", "action_flag": 2, "change_message": "[{\"changed\": {\"fields\": [\"\\u0422\\u0435\\u043a\\u0441\\u0442\"]}}]"}}, {"model": "admin.logentry", "pk": 22, "fields": {"action_time": "2021-09-16T07:11:34.885Z", "user": 1, "content_type": 4, "object_id": "2", "object_repr": "Lera19yo", "action_flag": 2, "change_message": "[{\"changed\": {\"fields\": [\"Username\"]}}]"}}, {"model": "admin.logentry", "pk": 23, "fields": {"action_time": "2021-09-16T07:17:16.583Z", "user": 1, "content_type": 10, "object_id": "1", "object_repr": "\u0441\u0435\u0433\u043e\u0434\u043d\u044f \u044f \u041d\u0410 \u041c\u041e\u0420\u0415", "action_flag": 2, "change_message": "[{\"changed\": {\"fields\": [\"\\u0422\\u0435\\u043a\\u0441\\u0442\"]}}]"}}, {"model": "admin.logentry", "pk": 24, "fields": {"action_time": "2021-09-16T07:17:20.204Z", "user": 1, "content_type": 10, "object_id": "1", "object_repr": "\u0441\u0435\u0433\u043e\u0434\u043d\u044f \u044f \u041d\u0410 \u041c\u041e\u0420\u0415", "action_flag": 2, "change_message": "[{\"changed\": {\"fields\": [\"\\u0413\\u0440\\u0443\\u043f\\u043f\\u0430\"]}}]"}}, {"model": "admin.logentry", "pk": 25, "fields": {"action_time": "2021-09-16T07:17:40.856Z", "user": 1, "content_type": 10, "object_id": "4", "object_repr": ".", "action_flag": 2, "change_message": "[{\"changed\": {\"fields\": [\"\\u0413\\u0440\\u0443\\u043f\\u043f\\u0430\"]}}]"}}, {"model": "admin.logentry", "pk": 26, "fields": {"action_time": "2021-09-16T07:17:51.717Z", "user": 1, "content_type": 10, "object_id": "5", "object_repr": ".", "action_flag": 2, "change_message": "[{\"changed\": {\"fields\": [\"\\u0413\\u0440\\u0443\\u043f\\u043f\\u0430\"]}}]"}}, {"model": "admin.logentry", "pk": 27, "fields": {"action_time": "2021-09-16T07:17:57.778Z", "user": 1, "content_type": 10, "object_id": "6", "object_repr": "!!", "action_flag": 2, "change_message": "[{\"changed\": {\"fields\": [\"\\u0413\\u0440\\u0443\\u043f\\u043f\\u0430\"]}}]"}}, {"model": "admin.logentry", "pk": 28, "fields": {"action_time": "2021-09-16T07:18:11.307Z", "user": 1, "content_type": 10, "object_id": "7", "object_repr": "<3", "action_flag": 2, "change_message": "[{\"changed\": {\"fields\": [\"\\u0422\\u0435\\u043a\\u0441\\u0442\"]}}]"}}, {"model": "admin.logentry", "pk": 29, "fields": {"action_time": "2021-09-16T07:18:31.872Z", "user": 1, "content_type": 9, "object_id": "1", "object_repr": "\u041b\u0435\u0440\u0438\u043d\u0423\u0433\u043e\u043b\u043e\u043a", "action_flag": 2, "change_message": "[{\"changed\": {\"fields\": [\"Title\"]}}]"}}, {"model": "admin.logentry", "pk": 30, "fields": {"action_time": "2021-09-16T07:20:33.614Z", "user": 1, "content_type": 4, "object_id": "2", "object_repr": "TASHERVDOTE", "action_flag": 2, "change_message": "[{\"changed\": {\"fields\": [\"Username\"]}}]"}}, {"model": "admin.logentry", "pk": 31, "fields": {"action_time": "2021-09-16T07:26:52.623Z", "user": 1, "content_type": 10, "object_id": "7", "object_repr": "<3", "action_flag": 2, "change_message": "[{\"changed\": {\"fields\": [\"Image\"]}}]"}}, {"model": "admin.logentry", "pk": 32, "fields": {"action_time": "2021-09-16T10:11:47.196Z", "user": 1, "content_type": 4, "object_id": "2", "object_repr": "Valeriya", "action_flag": 2, "change_message": "[{\"changed\": {\"fields\": [\"Username\", \"First name\", \"Last name\", \"Email address\"]}}]"}}, {"model": "admin.logentry", "pk": 33, "fields": {"action_time": "2021-09-24T17:25:28.475Z", "user": 1, "content_type": 4, "object_id": "5", "object_repr": "HappyKek", "action_flag": 2, "change_message": "[{\"changed\": {\"fields\": [\"Username\"]}}]"}}, {"model": "admin.logentry", "pk": 34, "fields": {"action_time": "2021-10-01T23:19:10.080Z", "user": 1, "content_type": 4, "object_id": "1", "object_repr": "s10", "action_flag": 2, "change_message": "[{\"changed\": {\"fields\": [\"Email address\"]}}]"}}, {"model": "admin.logentry", "pk": 35, "fields": {"action_time": "2021-10-08T02:06:58.551Z", "user": 1, "content_type": 10, "object_id": "7", "object_repr": "<3", "action_flag": 3, "change_message": ""}}, {"model": "admin.logentry", "pk": 36, "fields": {"action_time": "2021-10-08T02:07:08.751Z", "user": 1, "content_type": 10, "object_id": "3", "object_repr": "backend", "action_flag": 2, "change_message": "[{\"changed\": {\"fields\": [\"\\u0422\\u0435\\u043a\\u0441\\u0442\"]}}]"}}, {"model": "admin.logentry", "pk": 37, "fields": {"action_time": "2021-10-08T02:07:53.870Z", "user": 1, "content_type": 12, "object_id": "2", "object_repr": "Comment object (2)", "action_flag": 2, "change_message": "[{\"changed\": {\"fields\": [\"Text\"]}}]"}}, {"model": "admin.logentry", "pk": 38, "fields": {"action_time": "2021-10-08T02:08:11.743Z", "user": 1, "content_type": 12, "object_id": "1", "object_repr": "Comment object (1)", "action_flag": 2, "change_message": "[{\"changed\": {\"fields\": [\"Text\"]}}]"}}, {"model": "admin.logentry", "pk": 39, "fields": {"action_time": "2021-10-08T02:08:24.271Z", "user": 1, "content_type": 10, "object_id": "1", "object_repr": "\u0441\u0435\u0433\u043e\u0434\u043d\u044f \u041c\u041e\u0420\u0415", "action_flag": 2, "change_message": "[{\"changed\": {\"fields\": [\"\\u0422\\u0435\\u043a\\u0441\\u0442\"]}}]"}}]